Unknown,STPIB/Import/23092008/0127/26060,Server wih accessories (Dell -1955) Power ege,USD,666.00,666.00,33466.50,07-31/12/2008,31/12/2008,922712,05/12/2008,33801.17,,,Free of Charge,,5696.00,Bangalore
Unknown,STPIB/Import/17022006/0126/46280,"External Sound Card, Elo touch screen & Dell Desktop",USD,1708.00,1708.00,76261.00,68/2006,27/03/2006,104197,04/03/2006,77024.00,,,Free of Charge,,14388.00,Bangalore
Unknown,STPIB/Import/19082009/0074/17150,Computer with Accessories (KS-MD3000I),USD,2248.00,2248.00,109477.60,25- 22/8/2009,22/08/2009,202779,21/08/2009,110572.00,,,Free of Charge,,13899.00,Bangalore
Unknown,STPIB/Import/12082009/0048/16219,Computer with Accessories (KS-MD3000I),USD,2773.00,2773.00,135045.10,26- 20/08/2009,20/08/2009,200209,18/08/2009,136395.00,,,Free of Charge,,17144.00,Bangalore
Unknown,STPIB/IMP/14102003/0035/17517,Parts of Computer Systems,USD,3492.00,3492.00,160632.00,32-2003,22/10/2003,515996,15/10/2003,162238.00,62845.00,,Free of Charge,,62845.00,Bangalore
Unknown,STPIB/Import/06062005/0086/8150,RSA Network Security Tabs,USD,3750.00,3750.00,163875.00,60/2005,23/06/2005,832374,13/06/2005,165513.00,,,Free of Charge,,57008.00,Bangalore
Unknown,STPIB/Import/24012006/0044/42477,Printer & Accessories,USD,2165.87,2624.00,206377.60,65/2006,08/02/2006,980267,25/01/2006,208394.00,,,Free of Charge,,43771.00,Bangalore
Unknown,STPIB/Import/12062007/0128/12678,Printer - ND 40210 Ticket Printer,USD,5476.00,5476.00,223996.00,88-29/6/07,29/06/2007,9342,04/06/2007,226236.00,,,Free of Charge,,70752.00,Bangalore
Unknown,STPIB/IMP/06102003/0032/16549,HP Enterprise Server with Accessories,USD,5554.00,5554.00,255484.00,31-2003,13/10/2003,512517,08/10/2003,258039.00,99954.00,,Free of Charge,,99954.00,Bangalore
Unknown,STPIB/IMP/18092003/0008/14924,Computer Systems with accessories,USD,5808.00,5808.00,267168.00,29-2003,30/09/2003,505616,22/09/2003,269840.00,104525.00,,Free of Charge,,104525.00,Bangalore
Unknown,STPIB/Import/26022008/0034/54441,Laptop With Accessorie Macbook,USD,8831.00,355006.20,358591.76,106 -10/4/08,10/04/2008,706367,24/03/2008,358591.70,,,Free of Charge,,62497.00,Bangalore
Unknown,STPIB/Import/20042010/0030/2418,Video Conference equipment,USD,8091.00,8091.00,371376.90, 8-26-04-2010 ,27/04/2010,391478,21/04/2010,371376.90,,,Free of Charge,,100695.00,Bangalore
Unknown,STPIB/Import/13032007/0075/56265,Laptop with Accessorie (BT Financial Group),AUS,11873.00,11873.00,419685.10,85 -29/03/07,23/03/2007,395527,23/03/2007,423881.95,,,Free of Charge,,51883.15,Bangalore
Unknown,IMP/03082002/0003/10164,Computers Systems,USD,8909.00,8908.06,435158.73,25-2002,31/07/2002,348459,08/08/2002,478675.00,170249.00,,Free of Charge,,170249.00,Bangalore
Unknown,STPIB/Import/08042005/0067/1071,CISCI Catalyst 5509,USD,10852.00,13145.00,478030.60,58/2005,05/05/2005,804223,23/04/2005,482242.00,,,Free of Charge,,104055.00,Bangalore
Unknown,IMP/2001/100801/10937,Computers Systems,USD,12755.90,12756.00,615472.17,07-2001,10/10/2001,44736,10/10/2001,621627.00,240793.00,,Free of Charge,,240793.00,Bangalore
Unknown,STPIB/Import/23052008/0056/7960,Dell Desktop computers,USD,17790.00,17790.00,766749.00,110-26/05/08,26/05/2008,203345,02/06/2008,774416.49,,,Free of Charge,,112655.92,Bangalore
Unknown,IMP/2002050601/2783,computer Equipment,USD,29509.00,29509.00,1448892.00,21-2002,12/05/2002,318329,14/05/2002,1463381.00,566855.00,,Free of Charge,,566855.00,Bangalore
Unknown,STPIB/Import/19122008/0053/38294,Server wih accessories (Dell -2900) Power ege,USD,30455.00,30455.00,1530363.75,06-31/12/2008,31/12/2008,936165,23/12/2009,1545667.39,,,Free of Charge,,194284.00,Bangalore
Unknown,STPIB/Import/23092008/0094/26003,Server wih accessories (DDR -266) Buffered,USD,3844.00,3844.00,168175.00,02- 10/10/2008,10/10/2008,860118,19/08/2008,169856.75,,,Loan Basis,,32267.30,Bangalore
Unknown,STPIB/Import/23092008/0126/26059,Dell Power Edge AS-MD 3000I,USD,5800.00,5800.00,253750.00,01- 10/10/2008,10/10/2008,861101,20/09/2008,256287.50,,,Loan Basis,,48687.00,Bangalore
Unknown,STPIB/Import/06062008/0111/10228,Dell Server,USD,17547.00,17547.00,756244.67,112/06/06/08,06/06/2008,773721,10/06/2008,763807.11,,,Loan Basis,,128735.10,Bangalore
Unknown,STPIB/Import/21012010/0087/38241,Parts of Computers ,USD,33.00,33.00,1557.60, 40-25/01/2010 ,25/01/2010,316200,20/01/2010,1573.33,,,Outright Purchase,,7285.16,Bangalore
Unknown,IMP/2001092102/10203,Communication Equipment,USD,243.00,243.00,11870.55,18-2001,13/03/2002,10317,16/03/2002,11989.00,4644.00,,Outright Purchase,,4644.00,Bangalore
Unknown,STPIB/IMP/19112003/0037/20945,Sound Station Ex with MICs,INR,35750.00,35750.00,35750.00,34-2003,05/12/2003,7682,05/12/2003,36108.00,13987.00,,Outright Purchase,,13987.00,Bangalore
Unknown,STPIB/Import/04082007/0041/22830,Server with Accessories (Dell Power),USD,943.00,943.00,37833.15,91 -17/8/07,17/08/2007,512206,08/08/2007,38211.48,,,Outright Purchase,,4722.94,Bangalore
Unknown,STPIB/Import/06052009/0056/3956,Dell - KS -PE-2900 - with Accessories,USD,1000.00,1000.00,49200.00,11-16/02/2009,16/02/2009,969854,13/02/2009,49692.00,,,Outright Purchase,,6248.00,Bangalore
Unknown,STPIB/Import/06072007/0007/17431,Sharp Brand Projector,INR,55000.00,55000.00,55000.00,90 -26/7/07,26/07/2007,11120,25/07/2007,55550.00,,,Outright Purchase,,18961.00,Bangalore
Unknown,STPIB/Import/25052009/0058/6163,Dell KS- MD30001 Power Vault,USD,1163.00,1163.00,58498.90,14-01/06/2009,01/06/2009,140835,27/05/2009,59083.89,,,Outright Purchase,,,Bangalore
Unknown,IMP/2001/092101/10202,Office Furniture,USD,58293.00,1260.40,60814.30,10-2001,18/10/2001,45325,15/10/2001,61422.00,38612.00,,Outright Purchase,,38612.00,Bangalore
Unknown,STPIB/Import/23092008/0094/26003,Monitor with Accessories,USD,1640.00,1640.00,69782.00,04 -10/10/2008,10/10/2008,830896,14/08/2008,70479.82,,,Outright Purchase,,13389.00,Bangalore
Unknown,STPIB/Import/23122009/0121/34506,Computer System with Accessories,USD,1574.00,1574.00,74292.80, 40-25/01/2010 ,25/01/2010,316200,20/01/2010,75043.15,,,Outright Purchase,,7285.16,Bangalore
Unknown,STPIB/Import/29062010/0077/12590,APPC0118 - MC374HN/A,USD,1574.00,1574.00,73899.30, 18-14-07-2010 ,14/07/2010,458773,08/07/2010,74638.29,,,Outright Purchase,,2745.00,Bangalore
Unknown,STPIB/Import/16122010/0099/36461,Dell Latitude E -4310,USD,1633.00,1633.00,75362.95, 42-24-12-2010 ,24/12/2010,2459107,21/12/2010,76117.05,,,Outright Purchase,,11198.00,Bangalore
Unknown,STPIB/IMP/11122003/0041/23324,Network Equipment,USD,1700.00,1700.00,78200.00,36-2003,17/12/2003,541994,12/12/2003,78982.00,30594.00,,Outright Purchase,,30594.00,Bangalore
Unknown,STPIB/IMP/16022005/0033/39676,Computersystems with accessories,USD,2987.00,2987.00,80350.00,53/2005,10/03/2005,1074,02/03/2005,81154.00,,,Outright Purchase,,17010.00,Bangalore
Unknown,STPIB/IMP/27112003/0029/21750,Multimedia Projector,INR,82000.00,82000.00,82000.00,35-2003,11/12/2003,7762,11/12/2003,82820.00,42073.00,,Outright Purchase,,42073.10,Bangalore
Unknown,STPIB/Import/30122009/0144/35151,Monitor with Accessories,INR,83720.00,83720.00,83720.00, 41-15/01/2010 ,15/01/2010,100450,22/01/2010,80499.65,,,Outright Purchase,,8960.00,Bangalore
Unknown,STPIB/Import/08032011/0057/46179,Access Point License,USD,1826.00,1826.00,83448.20, 52-22-03-2011 ,22/03/2011,2977612,16/03/2011,84282.67,,,Outright Purchase,,12559.00,Bangalore
Unknown,STPIB/IMP/21012004/0004/27054,WCP 420 (Xerox Machine),USD,1900.00,1900.00,86355.00,40-2003,01/04/2004,583011,12/03/2004,87218.00,24072.00,,Outright Purchase,,24072.32,Bangalore
Unknown,STPIB/Import/15102009/0028/24342,Mac-book Laptop with Accessories,USD,1880.00,1880.00,91368.00, 32-19/11/2009 ,26/11/2009,243966,16/10/2009,92290.80,,,Outright Purchase,,11599.00,Bangalore
Unknown,STPIB/Import/12082009/0051/16230,Comupter Hardware (UM402),USD,1948.00,1948.00,94867.60,24-19/8/2009,19/08/2009,1999690,18/08/2009,95816.28,,,Outright Purchase,,12044.00,Bangalore
Unknown,STPIB/IMP/08122003/0051/22869,D-600 Dell Lattitude,USD,2152.00,2152.00,98992.00,37-2003,16/12/2003,544913,18/12/2003,99982.00,38729.00,,Outright Purchase,,38729.00,Bangalore
Unknown,STPIB/Import/23032010/0042/45871,SMF Batteries Rocket,INR,,101376.00,101376.00, 7- 22-04-2010 ,26/04/2010,5932,13/04/2010,101376.00,,,Outright Purchase,,27490.00,Bangalore
Unknown,STPIB/Import/06052009/0052/3951,Server wih accessories (Dell -2950M),USD,2030.00,2030.00,102109.00,13-09/03/2009,09/03/2009,984845,06/03/2009,103130.09,,,Outright Purchase,,12964.00,Bangalore
Unknown,STPIB/Import/16062007/0010/13426,Networking Equipment (Csco1064 - ASA5510 BUNK),USD,2500.00,2500.00,102250.00,87 -29/6/07,29/06/2007,466442,16/06/2007,103272.50,,,Outright Purchase,,12764.50,Bangalore
Unknown,STPIB/Import/07092010/0057/22570,"Monitor with Accessories (ST2410 24""full HD)",INR,109423.00,109423.00,105215.00, 31-08-10-2010 ,08/10/2010,106548,04/09/2010,105215.00,,,Outright Purchase,,14993.00,Bangalore
Unknown,STPIB/Import/24012011/0031/40866,Macbook Pro - Appco112,USD,2283.00,2283.00,104903.85, 50-21-02-2011 ,21/02/2011,2765873,10/02/2011,105952.00,,,Outright Purchase,,15588.00,Bangalore
Unknown,STPIB/Import/22062010/0138/11635,Sound Station -IP 700 (SIP),USD,2391.00,2391.00,114367.72, 16- 30-06-2010 ,30/06/2010,447441,25/06/2010,115511.40,,,Outright Purchase,,16994.00,Bangalore
Unknown,STPIB/IMP/14022005/0042/39351,Computersystems with accessories,USD,2700.00,2700.00,118665.00,55/2005,31/03/2005,787172,24/03/2005,119852.00,,,Outright Purchase,,25536.00,Bangalore
Unknown,STPIB/Import/22122010/0155/37207,Sound Station IP 7000,USD,2989.00,2989.00,112468.65, 43-04-01-2011 ,04/01/2011,2489105,27/12/2010,120731.14,,,Outright Purchase,,17762.00,Bangalore
Unknown,STPIB/Import/12052011/0034/5449 Dt.12-5-2011,Dell Monitor with LED Future,USD,3265.00,2695.00,121275.00,03/11-12,06/06/2011,3570571,21/05/2011,122487.75,,,Outright Purchase,,18021.00,Bangalore
Unknown,IMP/2001/092102/10203,Communication Equipment,USD,12049.00,2780.00,134135.00,11-2001,31/10/2001,46920,24/10/2001,135476.00,52478.00,,Outright Purchase,,52478.00,Bangalore
Unknown,STPIB/Import/13052008/0018/6472,RSA Tocken Security Card,USD,3350.00,3350.00,135675.00,109-21/5/08,21/05/2008,752369,14/05/2008,137045.32,,,Outright Purchase,,46024.90,Bangalore
Unknown,STPIB/Import/17082007/0070/2478,RSA Tocken Security Card,USD,3350.00,3350.00,138355.00,94 - 3/9/07,06/09/2007,532848,03/09/2007,139738.55,,,Outright Purchase,,36273.04,Bangalore
Unknown,STPIB/Import/16072010/0020/15056,Monitor with Accessories,INR,148537.00,148537.00,148537.00, 25-21-08-2010 ,21/08/2010,105224,20/08/2010,150023.00,,,Outright Purchase,,17826.00,Bangalore
Unknown,STPIB/IMP/30092003/0023/16231,Colour Monitors,USD,3375.00,3375.00,153562.50,33-2003,13/11/2003,526646,10/11/2003,155098.13,60078.00,,Outright Purchase,,60078.81,Bangalore
Unknown,STPIB/Import/13032010/0002/44719,Laptop with Acces E6500n,INR,156730.00,156730.00,158297.00,4 -12.04.2010,15/04/2010,101961,09/04/2010,158297.00,,,Outright Purchase,,12915.00,Bangalore
Unknown,STPIB/Import/17102005/0057/27451,Networking Accessories,USD,3615.00,3615.00,163759.50,64/2005,13/12/2005,924196,03/11/2005,165397.00,,,Outright Purchase,,35249.00,Bangalore
Unknown,STPIB/Import,IP Desktop phone with Accessproes,USD,,,173865.00,117/12/06/08,12/06/2008,407,08/08/2008,175604.00,,,Outright Purchase,,34149.00,Bangalore
Unknown,STPIB/Import/22012010/0014/38333,Monitor with Accessories,INR,177615.00,177615.00,177615.00, 44-09/02/2010 ,09/02/2010,100639,02/02/2010,170783.52,,,Outright Purchase,,19008.00,Bangalore
Unknown,STPIB/IMP/29102004/0143/26670,HardWare Parts,USD,3900.00,3900.00,178815.00,47/2004,25/11/2004,720252,23/11/2004,180603.00,50482.00,,Outright Purchase,,50482.19,Bangalore
Unknown,IMP/2001112601/13933,Multimedia Projector,USD,219420.00,183645.00,183645.00,15-2001,19/12/2001,1315,19/12/2001,185481.00,116601.00,,Outright Purchase,,116601.00,Bangalore
Unknown,STPIB/Import/25082010/0047/20939,Laptop with Accessories (E6410 Base),INR,185712.00,185712.00,185712.00, 27-27-09-2010 ,27/09/2010,105973,16/09/2010,185711.00,,,Outright Purchase,,17598.00,Bangalore
Unknown,STPIB/Import/21102011/0102/27642  Dt.21-10-2011,Laptop With Accessories,USD,3718.00,3718.00,184412.80,22/11-12,09/11/2011,4996018,22/10/2011,186256.93,,,Outright Purchase,,27402.00,Bangalore
Unknown,STPIB/Import/18032010/0041/45161,Sound Station ,USD,4087.00,4087.00,187593.30, 2 - 12 -04-2010 ,15/04/2010,382391,09/04/2010,187593.30,,,Outright Purchase,,32681.00,Bangalore
Unknown,STPIB/Import/30122009/0146/35159,Server with Accessories,USD,4000.00,4000.00,188800.00, 40-25/01/2010 ,25/01/2010,316200,20/01/2010,190706.88,,,Outright Purchase,,7285.16,Bangalore
Unknown,STPIB/Import/06052009/0053/3952,Server - Optical drive with Accessories,USD,4000.00,4000.00,192800.00,09-26/01/2009,26/01/2009,95585,22/01/2009,194728.00,,,Outright Purchase,,46023.00,Bangalore
Unknown,STPIB/Import/06052009/0054/3953,Server - Mount Server - 2950MLK,USD,4307.00,4307.00,207597.00,09-26/01/2009,26/01/2009,95585,22/01/2009,209673.37,,,Outright Purchase,,50832.00,Bangalore
Unknown,IMP/2001/100803/10939,Fax Machines & Courier Machines,USD,207702.00,207702.00,207702.00,06-2001,02/10/2001,44321,09/10/2001,209779.00,81260.00,,Outright Purchase,,81260.00,Bangalore
Unknown,STPIB/IMP/16092004/0184/20978,Computer Hardware with accessories,USD,4850.00,4850.00,225525.00,44-2004,14/10/2004,689700,29/09/2004,227780.25,23643.00,,Outright Purchase,,23642.50,Bangalore
Unknown,IMP/2002030701/20388,"Samsung 19"" Dynaflat Monitors",USD,4680.00,4680.00,228852.00,19-2002,22/04/2002,309312,16/04/2002,231140.00,89534.00,,Outright Purchase,,89534.60,Bangalore
Unknown,STPIB/Import/25012010/0037/38724,Laptop with Accessories,INR,235095.00,235095.00,235095.00, 43-04/02/2010 ,04/02/2010,100654,03/02/2010,235095.00,,,Outright Purchase,,15497.00,Bangalore
Unknown,STPIB/Import/02012008/0042/46429,Server with Accessories AW- 390n,USD,5920.00,5920.00,235320.00,103 -17/1/08,17/01/2008,638469,05/01/2008,237673.20,,,Outright Purchase,,29376.41,Bangalore
Unknown,STPIB/Import/23042010/0032/2970,Networking equipment,USD,5264.00,5264.00,241617.60, 10 - 29.04.2010 ,30/04/2010,396238,27/04/2010,241617.60,,,Outright Purchase,,36687.00,Bangalore
Unknown,STPIB/Import/05082011/0067/18004  Dt.5-8-2011,R510 Rack Mount Server x8 Chassis,USD,5500.00,5500.00,245850.00,13/11-12,16/08/2011,4318945,10/08/2011,248308.50,,,Outright Purchase,,36531.00,Bangalore
Unknown,STPIB/Import/13052011/0092/5729 Dt.13-5-2011,Dell Poweredge R-610 Rack mount server,USD,6701.00,6701.00,248933.24,01/11-12,06/06/2011,3581195,23/05/2011,251422.58,,,Outright Purchase,,36989.00,Bangalore
Unknown,IMP/2001/092101,Office Furniture Pedestal,USD,58293.00,5326.34,256995.95,09-2001,11/10/2001,3575,12/10/2001,259566.00,163174.00,,Outright Purchase,,163174.00,Bangalore
Unknown,STPIB/IMP/04042005/0136/00430,Modular Workstation Chairs,USD,5900.00,5900.00,259895.00,57/2005,21/04/2005,100371,12/04/2005,262493.00,,,Outright Purchase,,90400.00,Bangalore
Unknown,STPIB/IMP/0572004/0112/11476,HP Storage works NAS12005,USD,5700.00,5700.00,261345.00,42-2004,29/07/2004,649443,19/07/2004,263958.00,26924.00,,Outright Purchase,,26924.00,Bangalore
Unknown,STPIB/Import/30122009/0122/35110,Server with Accessories,USD,5564.00,5564.00,262620.80, 40-25/01/2010 ,25/01/2010,316200,20/01/2010,265273.27,,,Outright Purchase,,7285.16,Bangalore
Unknown,STPIB/Import/21102009/0059/25018,Monitor with Accessories,INR,265200.00,265200.00,265200.00, 35-30/11/2009 ,30/11/2009,704964,28/11/2009,265200.00,,,Outright Purchase,,33668.00,Bangalore
Unknown,STPIB/Import/05092011/0045/21514  Dt.5-9-2011,R 310 Socket Rack Server With Accessories,USD,5728.00,5728.00,266638.40,15/11-12,12/09/2011,4572880,07/09/2011,269304.78,,,Outright Purchase,,39620.00,Bangalore
Unknown,STPIB/IMP/14022005/0042/39351,LCD Monitors 10 nos,USD,6200.00,6200.00,272490.00,56/2005,05/04/2005,2198,04/04/2005,275215.00,,,Outright Purchase,,57720.00,Bangalore
Unknown,IMP/2001/092101/10202,Office Furniture,USD,58293.00,5684.16,274260.72,13-2001,20/11/2001,3987,20/11/2001,277003.00,174135.00,,Outright Purchase,,174135.00,Bangalore
Unknown,STPIB/Impot/18012010/0015/37324,Part of Printer,USD,5901.00,5901.00,274986.60, 50-24/02/2010 ,24/02/2010,340477,18/02/2010,277763.00,,,Outright Purchase,,59767.00,Bangalore
Unknown,STPIB/IMP/02022005/0079/37899,Computersystems with accessories,USD,6392.00,6392.00,280608.00,52/2005,24/02/2005,762540,07/02/2005,283414.89,,,Outright Purchase,35235000.00,50601.00,Bangalore
Unknown,STPIB/Import/23122009/0119/34504,Parts of Computers & Accessories,USD,6009.00,6009.00,283624.80, 40-25/01/2010 ,25/01/2010,316200,20/01/2010,286489.41,,,Outright Purchase,,7285.16,Bangalore
Unknown,IMP/2001121901/15335,Compaq SDIT -external Drive,USD,5900.00,5900.00,284970.00,16-2001,01/01/2002,57572,26/12/2001,287820.00,111490.00,,Outright Purchase,,111490.00,Bangalore
Unknown,STPIB/Import/19012011/0084/40453,Dell Power Edge R-710Rack Mount server,USD,6220.00,6220.00,283632.00, 49-02-02-2011 ,02/02/2011,2622190,20/01/2011,286468.32,,,Outright Purchase,,42145.00,Bangalore
Unknown,STPIB/22052010/0063/6750,Printer with Accessories,USD,6100.00,6100.00,291885.00, 13-23-06-2010 ,23/06/2010,439965,16/06/2010,294803.85,,,Outright Purchase,,70443.00,Bangalore
Unknown,STPIB/Exciseduty/21102011/0012/27644  dt.21-10-2011,Networking Equipments,INR,297547.00,297547.00,294600.99,25/11-12,25/11/2011,59,25/11/2011,297547.00,,,Outright Purchase,,30647.00,Bangalore
Unknown,STPIB/Import/06052009/0048/3945,Server - AS-2161DS- AS21610S,USD,6095.00,6095.00,299874.00,10-10/02//2009,10/02/2009,967089,10/02/2009,302922.43,,,Outright Purchase,,44564.00,Bangalore
Unknown,STPIB/Import/14122010/0105/36010,Dell Latitude E-6410,USD,6520.00,6520.00,300898.00, 38-23-12-2010 ,23/12/2010,2456630,20/12/2010,303909.78,,,Outright Purchase,,44711.00,Bangalore
Unknown,STPIB/Import/07092011/0101/22048 Dt.7-9-2011,Networking Equipment With Accessories,USD,6483.00,6483.00,301783.65,16/11-12,12/10/2011,4694100,20/09/2011,304801.49,,,Outright Purchase,,45822.00,Bangalore
Unknown,STPIB/Import/23032010/0042/45871,UPS System with Accessories,INR,405000.00,405000.00,405000.00, 6- 22.04.2010 ,26/04/2010,5934,13/04/2010,306660.00,,,Outright Purchase,,73276.00,Bangalore
Unknown,STPIB/Import/13032010/0003/44720,Laptop with Accessiories E6400n,INR,309520.00,309520.00,309520.00, 5-22.04.2010 ,26/04/2010,102337,17/04/2010,309520.00,,,Outright Purchase,,25504.00,Bangalore
Unknown,STPIB/Import/25062010?0064?12133,AL-E6410 Dell Laptop with Accessiories,INR,309520.00,309520.00,309520.00, 20-23-07-2010 ,23/07/2010,104474,14/07/2010,309520.00,,,Outright Purchase,,29330.00,Bangalore
Unknown,STPIB/Import/25082010/0044/20936,Laptop with Accessories (E6410 Base),INR,309520.00,309520.00,309520.00, 30-07-10-2010 ,07/10/2010,106472,30/09/2010,309520.00,,,Outright Purchase,,29330.00,Bangalore
Unknown,STPIB/Import/18032011/0019/47632,Dell Server R-610 Rack mount server,USD,6780.00,6780.00,309846.00, 54-29-03-2011 ,29/03/2011,3013165,23/03/2011,312944.46, -  ,,Outright Purchase,,46040.00,Bangalore
Unknown,STPIB/Import/25062010/0061/12129,AL-E6510N Dell Laptop,INR,313460.00,313460.00,313460.00, 24-29-07-2010 ,29/07/2010,104501,15/07/2010,313460.00,,,Outright Purchase,,29704.00,Bangalore
Unknown,STPIB/Import/02062008/0062/9306,Dell Power Edge,USD,7291.00,7291.00,314242.10,111/02/06/08,02/06/2008,770225,05/06/2008,317384.50,,,Outright Purchase,,53112.40,Bangalore
Unknown,STPIB/Impot/05012010/0100/35744,Video Euipments with Access,USD,6826.00,6826.00,318091.60, 51-08/03/2010 ,08/03/2010,332685,09/02/2010,321304.00,,,Outright Purchase,,78455.00,Bangalore
Unknown,STPIB/Import/19012011/0082/40451,Dell Precision T3500 Chassis,USD,6929.00,6929.00,315962.40, 47-01-02-2011 ,01/02/2011,2622385,20/01/2011,319110.00,,,Outright Purchase,,46947.00,Bangalore
Unknown,STPIB/IMP/11112004/0056/27813,Computersystems with accessories,USD,7000.00,7000.00,320950.00,48/2004,02/12/2004,716995,18/11/2004,324156.00,57876.00,,Outright Purchase,,57875.50,Bangalore
Unknown,STPIB/Import/12082009/0050/16224,Server with Accessories( R710),USD,6612.00,6612.00,322004.40, 27-20/08/2009 ,20/08/2009,199992,18/08/2009,325224.00,,,Outright Purchase,,40880.00,Bangalore
Unknown,STPIB/Import/15022010/0045/41369,ASA-5520- Bun-K9 Server (NWCS0210),USD,7117.00,7117.00,319553.30, 15 - 30-06-2010 ,30/06/2010,412567,15/05/2010,322748.83,,,Outright Purchase,,47483.00,Bangalore
Unknown,STPIB/Import/28082009/0039/18304,Laptop with Accessories (E6400n),INR,325000.00,325000.00,325000.00, 28 -14/09/2009 ,22/09/2009,703488,12/09/2009,325000.00,,,Outright Purchase,,21424.00,Bangalore
Unknown,STPIB/Import/08102009/0041/23332,Laptop with Accessories (E6400n),INR,325000.00,325000.00,325000.00, 30 - 22/10/2009 ,28/10/2009,704288,21/10/2009,325000.00,,,Outright Purchase,,21424.00,Bangalore
Unknown,STPIB/Import/24072007/0134/20517,AL �D630 Dell Latitude  (5 Nos),USD,8140.00,8140.00,330077.00,93 -17/8/07,17/08/2007,514789,13/08/2007,333377.77,,,Outright Purchase,,41205.49,Bangalore
Unknown,STPIB/Import/18032011/0020/47633,Dell Server - R710Rack mount server ,USD,7214.00,7214.00,329679.80, 53-29-03-2011 ,29/03/2011,3013171,23/03/2011,332939.67,37.00,,Outright Purchase,,48982.00,Bangalore
Unknown,STPIB/Import/14032008/0090/57444,Networking Equipment cables,USD,8337.72,8337.72,337678.00,105 -27/3/08,27/03/2008,12581,27/03/2008,341054.00,,,Outright Purchase,,96708.00,Bangalore
Unknown,STPIB/Impot/10022010/0074/40940,Dell AW- T3500n Precision ,USD,7264.00,7264.00,338502.40, 52-09/03/2010 ,08/03/2010,335046,08/03/2010,341920.00,,,Outright Purchase,,42974.00,Bangalore
Unknown,STPIB/Import/19012010/0028/37538,Desktop with Accessories,USD,7264.00,7264.00,342860.00, 47-22/02/2010 ,22/02/2010,321701,27/01/2010,346322.88,,,Outright Purchase,,84436.00,Bangalore
Unknown,STPIB/22062010/0044/11509,ASA-5520- Bun-K9 Server,USD,7117.00,7117.00,340548.45, 14-28-06/2010 ,28/06/2010,445837,23/06/2010,343953.93,,,Outright Purchase,,50602.00,Bangalore
Unknown,IMP/20020610023/5434,120 Degree Tables,USD,7030.00,7030.00,345524.50,23-2002,20/06/2002,328647,12/06/2002,348979.00,198332.00,,Outright Purchase,,198332.00,Bangalore
Unknown,STPIB/Import/19062008/0061/11991,Laptop AL - D630N,USD,8515.00,8515.00,354066.54,115/19/06/08,19/06/2008,790548,20/06/2008,357607.18,,,Outright Purchase,,52182.00,Bangalore
Unknown,STPIB/Import/03072007/0129/16682,Dell Poweredge -1955 High Perform (Server),USD,8680.00,8680.00,356314.00,89 - 19/7/07,19/07/2007,487762,11/07/2007,359877.14,,,Outright Purchase,,44480.81,Bangalore
Unknown,STPIB/Import/22102011/0002/27715  Dt.24-10-2011,IP Phones With Accessories,USD,7072.00,7072.00,353931.57,24/11-12,25/11/2011,5222258,18/11/2011,357470.89,,,Outright Purchase,,53858.00,Bangalore
Unknown,STPIB/Import/29092010/0050/25610,Laptop - Macbook Pro,USD,7767.00,7767.00,354175.20, 33-15-10-2010 ,15/10/2010,2230404,15/10/2010,357717.00,,,Outright Purchase,,52627.00,Bangalore
Unknown,STPIB/IMP/17112004/0034/28096,Computersystems with accessories,USD,10784.00,10784.00,363346.40,50/2004,02/12/2004,722509,02/12/2004,499391.00,89161.00,,Outright Purchase,,89161.30,Bangalore
Unknown,STPIB/Import/21092011/0062/23961  Dt.26-9-2011,Laptop With Accessories,USD,7361.00,7361.00,365105.60,21/11-12,25/10/2011,4966976,19/10/2011,368756.66,,,Outright Purchase,,54252.00,Bangalore
Unknown,STPIB/Import/15012010/0029/37146,Networking Equipment with Accessories,USD,8160.00,8160.00,380256.00, 45-25/01/2010 ,25/01/2010,326328,02/02/2010,384096.58,,,Outright Purchase,,52559.00,Bangalore
Unknown,STPIB/Import/14122010/0110/36017,Dell Latitude E-6510,USD,8250.00,8250.00,380737.50, 37-23-12-2010 ,23/12/2010,2456713,12/20/100,384547.21,,,Outright Purchase,,56575.00,Bangalore
Unknown,STPIB/Import/16122009/0028/33221,Laptop with Accessories,USD,8150.00,8150.00,384680.00, 38-12/01/2010 ,12/01/2010,100184,11/01/2010,388565.27,,,Outright Purchase,,25358.00,Bangalore
Unknown,STPIB/Import/23042010/0033/2971,Communication Equpiment ,USD,8355.00,8355.00,383494.50, 11 - 29.04.2010 ,29/04/2010,395884,27/04/2010,387367.00,,,Outright Purchase,,61271.00,Bangalore
Unknown,STPIB/Import/22122010/0156/37208,Sound Station IP 7000,USD,9963.00,9963.00,399575.26, 44-10-01-2011 ,10/01/2011,2484931,17/12/2010,402437.00,,,Outright Purchase,,59207.00,Bangalore
Unknown,STPIB/IMP/01112004/0109/26806,Computer Systems with accessories,USD,8795.00,8790.64,403250.55,46-2004,19/10/2004,709369,03/11/2004,407283.00,72716.00,,Outright Purchase,,72716.29,Bangalore
Unknown,STPIB/Import/24012011/0030/40864,Macbook Pro - Appco112,USD,8807.00,8807.00,404681.65, 51-21-02-2011 ,21/02/2011,2765874,14/02/2011,408728.48,,,Outright Purchase,,60132.00,Bangalore
Unknown,STPIB/Import/24072007/0135/20519,VSX Polycom & Microphone,USD,12355.00,12355.00,421260.00,95 -7/9/07,07/09/2007,535224,05/09/2007,425472.60,,,Outright Purchase,,92144.21,Bangalore
Unknown,IMP/2001/092102/10203,Office Furniture,USD,9026.50,12049.00,435528.62,02-2001,05/10/2001,43414,04/10/2001,439884.00,170393.00,,Outright Purchase,,170393.00,Bangalore
Unknown,STPIB/IMP/31052004/0096/6725,Computers Systems,USD,9760.00,9760.00,443592.00,41-2004,29/07/2004,630405,11/06/2004,448028.00,123655.00,,Outright Purchase,,123655.00,Bangalore
Unknown,STPIB/Import/22012010/0013/38332,Communication Racks,USD,9798.00,9798.00,456586.80, 48-22/02/2010 ,22/02/2010,223016,12/02/2010,461198.32,,,Outright Purchase,,112621.00,Bangalore
Unknown,STPIB/Import/25082010/0042/20934,ASA-5520 Appliance SW HA (Networking),USD,13938.00,13938.00,453033.00, 26-07-09-2010 ,07/09/2010,21608,31/08/2010,457563.00,,,Outright Purchase,,67373.00,Bangalore
Unknown,STPIB/Import/06062011/0033/8779,R710 Rack Mount Server,USD,10500.00,10500.00,479325.00,06/11-12,14/06/2011,3738358,08/06/2011,484118.25,,,Outright Purchase,,71223.00,Bangalore
Unknown,STPIB/Import/14122010/0106/36011,Dell Latitude E6410,USD,10432.00,10432.00,481436.80, 41-24-12-2010 ,24/12/2010,2456854,20/12/2010,486254.90,,,Outright Purchase,,71538.00,Bangalore
Unknown,STPIB/Import/22062009/0003/9573,Laptop with Accessories (E6400n),INR,489600.00,489600.00,489600.00,20-07/07/2009,07/07/2009,702420,05/07/2009,494544.00,,,Outright Purchase,,32274.00,Bangalore
Unknown,STPIB/Import/13032010/0004/44721,Remote Access Point License,USD,10550.00,10550.00,492157.50, 54-24/03/2010 ,24/03/2010,361876,17/03/2010,497128.00,,,Outright Purchase,,73130.00,Bangalore
Unknown,STPIB/Import/02032010/0074/43137,Mac-book Laptop with Accessories,USD,10820.00,10820.00,504753.00, 53-11/03/2010 ,11/03/2010,350867,04/03/2010,509851.00,,,Outright Purchase,,75002.00,Bangalore
Unknown,STPIB/Import/02062011/0075/8390 Dt.2-6-2011,"Mac Book Pro (15"")",USD,10990.00,10990.00,501693.47,10/11-12,28/06/2011,3843597,20/06/2011,506710.40,,,Outright Purchase,,84568.00,Bangalore
Unknown,STPIB/Import/06052009/0049/3946,Server wih accessories (Dell -2950M),USD,10405.00,10405.00,511926.00,12-19/02/2009,19/02/2009,972975,18/02/2009,516997.50,,,Outright Purchase,,64984.00,Bangalore
Unknown,STPIB/Import/25062010/0059/12126,AS-Per710/3.5 Server ,INR,523954.00,523954.00,523954.00, 19 -23-07-2010 ,23/07/2010,104440,13/07/2010,523954.00,,,Outright Purchase,,53967.00,Bangalore
Unknown,STPIB/Import/20052011/0099/6673& 0100/6674 Dt.20-5-2011,Dell Latitude E-6420,USD,11400.00,11400.00,520410.00,08/11-12,28/06/2011,3837967,20/06/2011,525614.00,,,Outright Purchase,,77328.00,Bangalore
Unknown,STPIB/Import/06052009/0050/3947,Vedio Conference equipment,USD,10608.00,10608.00,533052.00,08-09/01/2009,09/01/2009,940360,29/12/2008,538382.52,,,Outright Purchase,,144536.00,Bangalore
Unknown,STPIB/IMP/17112004/0088/25153,Computersystems with accessories,USD,12132.00,12132.00,556252.20,49/2004,02/12/2004,722510,27/11/2004,561815.00,100306.00,,Outright Purchase,,100306.40,Bangalore
Unknown,STPIB/Import/30122009/0145/355155,Server with Accessories,USD,12000.00,12000.00,566400.00, 40-25/01/2010 ,25/01/2010,316200,20/01/2010,566401.01,,,Outright Purchase,,7285.16,Bangalore
Unknown,STPIB/Import/04062009/0087/7652,Server with Accessories( T610S),USD,12076.00,12076.00,578440.40,17-19/06/2009,24/06/2009,155691,17/06/2009,584282.65,,,Outright Purchase,,,Bangalore
Unknown,STPIB/Import/13032010/0005/44722,Wireless equipment ,USD,12505.00,12505.00,583358.25, 1 - 1-04-2010 ,06/04/2010,375297,31.03.2010,583358.25,,,Outright Purchase,,86682.00,Bangalore
Unknown,STPIB/Import/20052011/0096/6669,Dell Precision T3500 Chassis,USD,13300.00,13300.00,598500.00,04/11-12,06/06/2011,3637126,28/05/2011,604485.00,,,Outright Purchase,,88932.00,Bangalore
Unknown,STPIB/Import/26102007/0128/36445,Computer Server - As - AX1501,USD,15253.00,15253.00,607832.05,98 - 20/11/07,20/11/2007,592357,12/11/2007,613910.37,,,Outright Purchase,,75879.32,Bangalore
Unknown,STPIB/Import/13122007/0061/43624,Laptop With Accessorie AL-D-630N ,USD,15280.00,15280.00,608908.00,101 - 28/12/07,28/12/2007,623968,18/12/2007,614997.00,,,Outright Purchase,,102916.07,Bangalore
Unknown,STPIB/Import/21052009/0062/5719,Laptop Dell -E-6400N series,INR,612000.00,612000.00,612000.00,16-08/06/2009,24/06/2009,702058,12/06/2009,612000.00,,,Outright Purchase,,,Bangalore
Unknown,STPIB/Import/10112010/0030/31049,ASA- 5520 Networking ,USD,13863.00,13863.00,614130.90, 36-25-11-2010 ,25/11/2010,2348236,21/11/2010,623673.00,-3401.00,,Outright Purchase,,34511.00,Bangalore
Unknown,STPIB/Import/25082010/0040/20932,Laptop with Accessories (E6410 Base),INR,626920.00,626920.00,626920.00, 28-07-10-2010 ,07/10/2010,106262,23/09/2010,626920.00,,,Outright Purchase,,59407.00,Bangalore
Unknown,STPIB/IMP/02092002/023/12031,Computer Monitor,USD,13050.00,13050.00,635535.00,27-2002,27/09/2002,362895,19/09/2002,641890.00,248643.00,,Outright Purchase,,248643.00,Bangalore
Unknown,STPIB/Import/06062011/0032/8778  Dt.6-6-2011,R710 Rack Mount Server,USD,16958.00,16958.00,639100.00,07/11-12,14/06/2011,3737382,08/06/2011,645491.00,,,Outright Purchase,,94965.00,Bangalore
Unknown,STPIB/Import/26082008/0098/22171,Dell Laptop with Accessories,USD,15370.00,15370.00,653993.50,03 -10/10/2008,10/10/2008,842274,28/08/2008,660533.44,,,Outright Purchase,,111328.90,Bangalore
Unknown,IMP/2001/100901/11163,Monitors,USD,13650.00,13650.00,658612.50,12-2001,24/10/2001,47071,24/10/2001,665199.00,257671.00,,Outright Purchase,,257671.00,Bangalore
Unknown,STPIB/Import/28082007/0120/26283 STPIB/Import/28082007/0121/26285,Laptop with Accessorie AL - D -630 - 10Nos,USD,16000.00,16000.00,660800.00,96 - 13/9/07,13/09/2007,536827,07/09/2007,667408.00,,,Outright Purchase,,82671.62,Bangalore
Unknown,STPIB/Import/21052007/0051/8458,AL -D620 Dell Latitude ( 10Nos),USD,16000.00,16000.00,671200.00,86 - 6/6/07,31/05/2007,453471,31/05/2007,677912.00,,,Outright Purchase,,83789.92,Bangalore
Unknown,STPIB/Import/19112009/0007/29298,Redington Server with Accessories,USD,14234.00,14234.00,673268.20, 34 -21/11/2009 ,21/11/2009,270560,20/11/2009,680068.00,,,Outright Purchase,,85473.00,Bangalore
Unknown,STPIB/23042010/0031/2968,Laptop with Accessories,INR,684069.00,684069.00,684069.00, 12 -14-05-2010 ,14/05/2010,102952,12/05/2010,684069.00,,,Outright Purchase,,64823.00,Bangalore
Unknown,IMP/2002040101/197,computers with accessories,USD,14356.00,14356.00,701959.50,20-2002,01/05/2002,313452,29/04/2002,708979.00,274630.00,,Outright Purchase,,274630.14,Bangalore
Unknown,STPIB/IMP/30092003/0022/16230,computers with accessories,USD,15450.00,15450.00,710700.00,30-2003,07/10/2003,510127,01/10/2003,717807.00,278050.00,,Outright Purchase,,278050.00,Bangalore
Unknown,STPIB/Import/24062011/0056/12004  Dt.24-6-2011,Networking Equipement - DPXS12A,USD,15664.00,15664.00,712712.00,12/11-12,04/08/2011,4205685,28/07/2011,719839.00,,,Outright Purchase,,129855.00,Bangalore
Unknown,IMP/2001/092101/10202,Office Furniture,USD,15326.08,58293.00,725689.88,01-2001,03/10/2001,3405,09/10/2001,732947.00,460760.00,,Outright Purchase,28315000.00,460760.00,Bangalore
Unknown,STPIB/Import/26112009/0073/30587,Laptop with accessories,INR,733500.00,733500.00,733500.00, 36-8/12/2009 ,08/12/2009,705130,07/12/2009,733500.00,,,Outright Purchase,,48352.00,Bangalore
Unknown,STPIB/Import/16062009/0080/9007,Desktop with aessories AWT5500N,INR,750000.00,750000.00,750000.00,19-02/07/2009,06/07/2009,702329,01/07/2009,757575.00,,,Outright Purchase,,,Bangalore
Unknown,IMP/2002030101/20062,Computer Hardware,USD,15408.00,15408.00,752680.80,17-2001,09/03/2002,9287,16/03/2002,760208.00,294474.00,,Outright Purchase,,294474.00,Bangalore
Unknown,STPIB/Import/16092011/0029/23332  Dt.23-9-2011,Carpet Tiles,USD,15403.75,15404.00,764026.00,23/11-12,09/11/2011,5030040,27/10/2011,771666.26,,,Outright Purchase,,226422.00,Bangalore
Unknown,IMP/20020627023/7229,Computers Systems,USD,15900.00,15900.00,780690.00,24-2002,18/07/2002,338791,11/07/2002,788496.00,305432.00,,Outright Purchase,,305432.16,Bangalore
Unknown,STPIB/Import/06052009/0055/3955,Laptop Dell -E-6500N series,INR,800000.00,800000.00,800000.00,15-08/06/2009,08/06/2009,701964,05/06/2009,800000.00,,,Outright Purchase,,,Bangalore
Unknown,STPIB/Import/21052009/0063/5721,Laptop with Accessories (E6500n),INR,800000.00,800000.00,800000.00,18-01/07/2009,06/07/2009,702292,06/07/2009,800000.00,,,Outright Purchase,,,Bangalore
Unknown,STPIB/Import/13072009/0097/12440,Laptop with Accessories (E6500n),INR,800000.00,800000.00,800000.00,21-29/07/2009,29/07/2009,702668,19/07/2009,808080.00,,,Outright Purchase,,52736.00,Bangalore
Unknown,STPIB/Import/25082009/0016/17758,Laptop with Accessories (E6500n),INR,800000.00,800000.00,800000.00, 29 -09/10/2009 ,22/10/2009,704055,07/10/2009,800000.00,,,Outright Purchase,,52736.00,Bangalore
Unknown,STPIB/Import/07102009003123161,Laptop with Accessories (E6500n),INR,800000.00,800000.00,800000.00, 31 -26/10/2009 ,28/10/2009,704332,23/10/2009,800000.00,,,Outright Purchase,,52736.00,Bangalore
Unknown,STPIB/Import/26022008/0036/54443,Laptop With Accessorie AL-D-630N ,USD,19920.00,19920.00,813902.20,107 -10/4/08,10/04/2008,721607,09/04/2008,805764.00,,,Outright Purchase,,137165.80,Bangalore
Unknown,STPIB/IMP/05022004/0113/28844,Computer Systems with accessories,USD,18000.00,18000.00,819900.00,38-2003,25/12/2003,568589,12/02/2004,828099.00,155682.00,,Outright Purchase,,155682.61,Bangalore
Unknown,IMP/2001/092103/10204,Epabx,USD,17000.00,17000.00,820250.00,03-2001,05/10/2001,43418,04/10/2001,828453.00,320910.00,,Outright Purchase,,320910.00,Bangalore
Unknown,STPIB/Import/11012010/0031/36452,Desktop with Accessories,INR,843378.00,843378.00,843378.00, 39-25/01/2010 ,25/01/2010,100469,22/01/2010,843378.00,,,Outright Purchase,,69494.00,Bangalore
Unknown,STPIB/Import/26112009/0072/30586,Laptop with Accessories,INR,845000.00,845000.00,845000.00, 37 -10/12/2009 ,10/12/2009,705168,08/12/2009,845000.00,,,Outright Purchase,,56131.00,Bangalore
Unknown,STPIB/Import/14122010/0107/36013,Dell Latitude E6510,USD,18150.00,18150.00,837622.50, 40-24-12-2010 ,24/12/2010,2456546,20/12/2010,846003.85,,,Outright Purchase,,124464.00,Bangalore
Unknown,IMP/2002041701/1394,Modular Workstations,USD,18013.54,18060.00,884464.80,22-2002,27/05/2002,2179,27/05/2002,893309.00,507685.00,,Outright Purchase,,507685.00,Bangalore
Unknown,STPIB/Import/01072011/0073/12928  Dt.1-7-2011,Networking Equipement - SUMMIT x460 -48T,USD,19681.71,19682.00,895517.80,11/11-12,15/07/2011,4012476,07/07/2011,904472.99,,,Outright Purchase,,142602.00,Bangalore
Unknown,STPIB/Import/04102010/0055/26202,Laptop - Macbook Pro,USD,19708.00,19708.00,898684.80, 34-15-10-2010 ,15/10/2010,2241513,08/10/2010,907672.00,,,Outright Purchase,,233304.68,Bangalore
Unknown,STPIB/Import/13072009/0096/12439,Laptop with Accessories (E6400n),INR,918000.00,918000.00,918000.00,23-24/07/2009,24/07/2009,702717,22/07/2009,927271.00,,,Outright Purchase,,60515.00,Bangalore
Unknown,STPIB/IMP/03062003/052/4858,computer Systems,USD,20000.00,14000.00,942000.00,28-2003,24/06/2003,466701,19/06/2002,951420.00,368542.00,,Outright Purchase,,368542.00,Bangalore
Unknown,STPIB/Import/26082011/0006/20655  Dt.29-8-2011 ,Dell � Power Edge R710 Rack Mount Server with Accessories ,USD,21000.00,21000.00,938700.00,14/11-12,12/09/2011,4477816,27/08/2011,948087.00,,,Outright Purchase,,139483.00,Bangalore
Unknown,STPIB/IMP/050072004/0112/11476,Computer systems,USD,20250.00,20250.00,948342.00,43-2004,29/07/2004,650712,19/07/2004,957825.00,100516.00,,Outright Purchase,,100515.96,Bangalore
Unknown,STPIB/IMP/08102004/0149/23912,Computer Systems with accessories,USD,20250.00,20250.00,953596.00,45-2004,26/10/2004,702721,21/10/2004,963038.00,174178.00,,Outright Purchase,,174177.51,Bangalore
Unknown,IMP/2001/09250/10337,Anti Static Carpets,USD,19882.47,19882.47,959329.17,08-2001,10/10/2001,3533,10/10/2001,968922.00,391798.00,,Outright Purchase,,391798.00,Bangalore
Unknown,STPIB/Import/22062009/0004/9574,Laptop with Accessories (E6500n),INR,960000.00,960000.00,960000.00,22-21/07/2009,21/07/2009,702669,19/07/2009,969696.00,,,Outright Purchase,,63283.00,Bangalore
Unknown,STPIB/Import/22072005/0111/15386,Dell Lap Top,USD,22104.00,22104.00,965945.00,63/2005,08/08/2005,868605,06/08/2005,975604.00,,,Outright Purchase,,111468.00,Bangalore
Unknown,STPIB/Import/10112010/003131050,Ratain server - DPXS12A,USD,21636.00,21636.00,971456.40, 35-20-11-2010 ,20/11/2010,2325738,12/11/2010,981170.96,0.00,,Outright Purchase,,147309.00,Bangalore
Unknown,STPIB/import/13072010/0090/14632,ASPER-710/3.5 Dell Power edge,USD,20770.00,20770.00,975151.50, 21-23-07-2010 ,23/07/2010,465055,15/07/2010,984903.20,,,Outright Purchase,22400000.00,36225.00,Bangalore
Unknown,IMP/2001/092101/10202,Office Furniture,USD,20529.11,58293.00,990529.55,04-2001,05/10/2001,3487,05/10/2001,1000435.00,628913.00,,Outright Purchase,,628913.00,Bangalore
Unknown,STPIB/Import/13072010/0091/14633,ASPER-710/3.5 Dell Power edge,USD,21024.00,21024.00,957076.80, 22-23-07-2010 ,23/07/2010,465056,15/07/2010,996947.57,,,Outright Purchase,,36668.00,Bangalore
Unknown,STPIB/Import/23102007/0050/35464,AW 490n - Dell Precision 490n,USD,25630.00,25630.00,1026481.50,97 - 2/11/07,02/11/2007,577888,25/10/2007,1036746.32,,,Outright Purchase,,170855.79,Bangalore
Unknown,STPIB/IMP/01032005//0086/4733,Computer  Laptop 15 Nos,USD,24000.00,24000.00,1054800.00,54/2005,10/03/2005,2956,10/03/2005,1083992.00,,,Outright Purchase,,123852.00,Bangalore
Unknown,STPIB/Import/20052011/0097/6671 & 6672 Dt.20-5-2011,Dell Lattitued E -6420 & E-6520,USD,24592.00,24592.00,1106640.00,05/11-12,06/06/2011,3591164,24/05/2011,1117706.40,,,Outright Purchase,,164437.00,Bangalore
Unknown,STPIB/Import/06012011/0083/39045,Laptop Macbook pro,USD,24683.00,24683.00,1125544.80, 46-12-01-2011 ,12/01/2011,2553669,10/01/2011,1136800.25,,,Outright Purchase,,167246.00,Bangalore
Unknown,STPIB/Impot/05012010/0100/35744,Antistatic Carpet,USD,24750.00,24750.00,1153350.00, 49-22/02/2010 ,22/02/2010,223028,12/02/2010,1164998.83,,,Outright Purchase,,236028.00,Bangalore
Unknown,STPIB/Import/25082010/0049/20941,Laptop with Accessories (E6410 Base),INR,1175475.00,1175475.00,1175475.00, 29-07-10-2010 ,07/10/2010,106264,23/09/2010,1175475.00,,,Outright Purchase,,111388.00,Bangalore
Unknown,STPIB/Import/02062011/0076/8391 Dt.2-6-2011,"Mac Book Pro (15"")",USD,26201.00,26201.00,1196075.65,09/11-12,28/06/2011,3842892,20/06/2011,1208036.42,,,Outright Purchase,,201616.00,Bangalore
Unknown,STPIB/Import/23032010/0042/45871,Laptop with Accessiories E6400n/6500/4300,INR,1244950.00,1232624.00,1232624.00, 9-23.04.2010 ,29/04/2010,102420,20/04/2010,1232624.00,,,Outright Purchase,,101568.00,Bangalore
Unknown,STPIB/Import/14122010/0109/36015,Laptop Macbook pro,USD,26863.00,26863.00,1224952.80, 45-17-01-2011 ,17/01/2011,2539716,06/01/2011,1237202.32,,,Outright Purchase,,182017.00,Bangalore
Unknown,STPIB/Import/17072008/16362,Laptop with Accesseries,USD,30600.00,30600.00,1321920.00,116/17/07/08,17/07/2008,812219,23/07/2008,1335139.00,,,Outright Purchase,,225029.70,Bangalore
Unknown,STPIB/Import/31052005/0067/7495,Dell Laptop ,USD,30450.00,30450.00,1330665.00,59/2005,23/06/2005,6717,02/06/2005,1343972.00,,,Outright Purchase,,153557.00,Bangalore
Unknown,STPIB/Import/21022006/0038/46590,Dell Latitude,USD,30960.00,30960.00,1376172.00,67/2006,27/03/2006,999342,23/02/2006,1389933.00,,,Outright Purchase,,158808.00,Bangalore
Unknown,STPIB/Import/02062010/0195/8331,AL-E6500N Dell Laptop with accessories,USD,1472474.00,1472474.00,1472474.00, 17-30-06-2010 ,30/06/2010,103959,22/06/2010,1472474.00,,,Outright Purchase,,139531.00,Bangalore
Unknown,STPIB/Import/05012011/012/38869,Summit X 460-48T,USD,32798.00,32798.00,1495588.80, 48-02-02-2011 ,02/02/2011,2581605,13/01/2011,1510515.00,,,Outright Purchase,,233473.00,Bangalore
Unknown,STPIB/IMP/06082002/053/10376,Computers Systems,USD,31800.00,31800.00,1553430.00,26-2002,29/08/2002,354082,24/08/2002,1568964.00,607754.00,,Outright Purchase,,607754.00,Bangalore
Unknown,STPIB/Improt//06122007/0026/42532,Apple Note Book Laptop with Accessorie ,USD,44900.00,44900.00,1626750.50,100 - 25/1/08,25/01/2008,615511,10/12/2007,1643018.00,,,Outright Purchase,,169799.10,Bangalore
Unknown,STPIB/EXCISEDUTY/15012010/001/37255,Networking equipments with Accessories,INR,1673516.00,1673516.00,1673516.00, 42-25/01/2010 ,25/01/2010,257,25/01/2010,1673516.00,,,Outright Purchase,,346263.00,Bangalore
Unknown,STPIB/Import/07082007/0129/23212,"Dell Poweredge -1955 High Perform (Server), Chassis",USD,41961.00,41961.00,1701517.00,92 - 17/8/07,17/08/2007,513805,10/08/2007,1718532.17,,,Outright Purchase,,212411.05,Bangalore
Unknown,STPIB/Import/21092011/0063/23962  Dt.27-9-2011,Laptop With Accessories,USD,34106.00,34106.00,1691657.60,19/11-12,18/10/2011,4836914,04/10/2011,1708574.18,,,Outright Purchase,,254278.00,Bangalore
Unknown,IMP/2001/100802/10938,Computers Systems&Printers,USD,37890.00,37890.00,1828192.50,05-2001,05/10/2001,44318,09/10/2001,1846474.00,715250.00,,Outright Purchase,,715250.00,Bangalore
Unknown,STPIB/Import/21092011/0061/23960  Dt.21-9-2011,Laptop With Accessories,USD,38555.00,38555.00,1912328.00,20/11-12,14/10/2011,4836756,04/10/2011,1931451.28,,,Outright Purchase,,287067.00,Bangalore
Unknown,STPIB/Import/16072010/0125/15196,APPC0113- Macbook,USD,41002.00,41002.00,1925043.90, 23-23-07-2010 ,23/07/2010,466824,17/07/2010,1944294.00,,,Outright Purchase,,71511.00,Bangalore
Unknown,STPIB/Import/27092011/0012/24646 Dt.27-9-2011,Server with Accessories,USD,41472.00,42000.00,1955100.00,17/11-12,13/10/2011,4788464,29/09/2011,1974651.00,,,Outright Purchase,,290511.00,Bangalore
Unknown,STPIB/Import/06052009/0051/3949,Laptop with Accessories with Mac book,USD,55919.00,55919.00,2379353.45,05-30/08/2008,30/08/2008,843315,29/08/2009,2403146.00,,,Outright Purchase,,412056.00,Bangalore
Unknown,STPIB/Import/02062008/0034/9271,Laptop with Accessories with Mac book,USD,56689.00,55686.00,2443258.03,113/02/06/08,02/06/2008,784118,21/06/2008,2467691.44,,,Outright Purchase,,415914.60,Bangalore
Unknown,STPIB/Import/30032010/0046/47023,AS-PER510(X8) Poweredge R510,INR,2566960.00,2566960.00,2566960.00, 3 -12.04.2010 ,15/04/2010,101973,09/04/2010,2566960.00,,,Outright Purchase,,26440.00,Bangalore
Unknown,STPIB/IMP/05012005/0020/34495,Computersystems with accessories,USD,58650.00,58650.00,2580600.00,51/2005,20/01/2005,747184,20/01/2005,2109833.00,728543.00,,Outright Purchase,,728542.61,Bangalore
Unknown,STPIB/Import/23102009/0020/25295,Networking equipments,USD,53735.00,53735.00,2611521.00, 33-19/11/2009 ,19/11/2009,251647,27/10/2009,2637897.00,,,Outright Purchase,,332579.00,Bangalore
Unknown,STPIB/Import/21042011/0050/2804  Dt.21-4-2011,Sun Storage Equipment,USD,65560.00,65560.00,2950200.00,02/11-12,06/06/2011,3576120,23/05/2011,2979702.00,,,Outright Purchase,,438374.00,Bangalore
Unknown,STPIB/Import/17032008/0104/57711,Laptop With Accessorie Macbook,USD,80914.00,80914.00,3252742.80,104 -10/4/08,10/04/2008,706377,24/03/2008,3285595.50,,,Outright Purchase,,567989.00,Bangalore
Unknown,STPIB/Import/08122010/0123/35176,Dell server - R510Rack mount server x8,USD,88000.00,88000.00,4061200.00, 39-23-12-2010 ,23/12/2010,2426833,13/12/2010,4101765.86,46.00,,Outright Purchase,,603452.00,Bangalore
Unknown,STPIB/Import/27012010/0057/38970,Networking Equipment with Accessories,INR,5600000.00,5600000.00,5600000.00, 46-22/02/2010 ,22/02/2010,321286,27/01/2010,5600000.00,,,Outright Purchase,,775584.00,Bangalore
Unknown,IMP/2001112601/13933,Projection Screen,INR,219420.00,219420.00,35775.00,14-2001,19/12/2001,1316,19/12/2001,36133.00,22715.00,,Outright Purchase,,22715.00,Bangalore
Cancel,,,,,,,102/08,,,,,,,,,,Bangalore
653010065,STIPB/Import/EXCISEDUTY/23112011/0043/31733  Dt.28-Nov-2011,Networking Accessories,USD,"6,333.00","6,333.00",,26/11-12,,,,,,,,,,
IV7128,STIPB/Import/EXCISEDUTY/23112011/0012/31279  Dt.28-Nov-2011,Networking Accessories,INR,"4,22,078.17","4,22,078.17"," 4,22,078.22 ",27/11-12,04-Jan-12,01,04-Jan-12,"4,26,299.00",,,Loan Basis,,"64,087.00",Bangalore
920000709,STPIB/Import/20122011/0090/34724 Dt.20-Dec-2011,Networking Equipment With Accessories,USD,"16,736.81","16,737.00"," 8,91,235.13 ",28'11-12,17-Jan-12,5726162,13-Jan-12,"9,00,147.48",,,Loan Basis,,"1,35,322.00",Bangalore
920000735,STPIB/Import/25012012/0075/38858 Dt.25-Jan-2012,Networking Equipments,USD,"4,680.00","4,680.00","2,49,210.00",29/11-12,31-Jan-12,5842949,27-Jan-12,"2,51,702.10",,,Loan Basis,,"37,839.00",Bangalore
20112417,STPIB/Import/12122011/0026/33595 Dt.13-Dec-2011,Laptop With Accessories,USD,"29,311.16","29,312.00","14,71,420.20",30/11-12,07-Feb-12,5897423,02-Feb-12,"14,86,134.43",,,Loan Basis,,"2,18,640.00",Bangalore
cancel,,,,,,,31/11-12,,,,,,,Loan Basis,,,Bangalore
20112495,STPIB/Import/12122011/0025/33594 Dt.13-Feb-2012,Laptop With Accessories,USD,"37,768.38","37,769.00","18,95,972.68",32/11-12,16-Feb-12,5971928,10-Feb-12,"19,14,932.41",,,Loan Basis,,"2,81,725.00",Bangalore
20112519,STPIB/Import/15022012/0085/41111 Dt.16-Feb-2012,Laptop With Accessories,USD,"44,462.00","44,462.00","22,31,992.39",33/11-12,27-Feb-12,6062502,22-Feb-12,"22,54,312.32",,,Loan Basis,,"3,31,655.00",Bangalore
5400101615,STPIB/Import/06032012/0008/43177 Dt.06-Mar-2012,Dell Power Edge � R810 Rack Mount Server,USD,"33,000.00","33,000.00","16,30,200.00",35/11-12,16-Mar-12,6204659,08-Mar-12,"16,46,502.00",,,Loan Basis,,"2,42,233.00",Bangalore
5400106088,STPIB/Import/20032012/0011/44863  Dt. 20-Mar-2012,Laptop With Accessories  Dell E6420,USD,"2,800.00","2,800.00","1,38,320.00",36/11-12,29-Mar-12,6362643,26-Mar-12,"1,39,703.20",,,Loan Basis,,"23,023.00",Bangalore
5400106085,STPIB/Import/20032012/0016/44869  Dt. 20-Mar-2012,Laptop With Accessories Dell E6520,USD,"3,800.00","3,800.00","1,87,720.00",37/11-12,29-Mar-12,6369557,27-Mar-12,"1,89,597.20",,,Loan Basis,,"31,246.00",Bangalore
5400106087,STPIB/Import/20032012/0015/44867  Dt. 20-Mar-2012,Laptop With Accessories Dell E6220,USD,"1,350.00","1,350.00","66,690.00",38/11-12,29-Mar-12,6362640,26-Mar-12,"67,356.90",,,Loan Basis,,"11,100.00",Bangalore
5400106086,STPIB/Import/20032012/0010/44860  Dt. 20-Mar-2012,Laptop With accessories Dell E6420,USD,"1,750.00","1,750.00","86,450.00",39/11-12,29-Mar-12,6361974,26-Mar-12,"87,314.50",,,Loan Basis,,"14,389.00",Bangalore
5400106089,STPIB/Import/20032012/0013/44865  Dt. 20-Mar-2012,Laptop With Accessories Dell E6320,USD,"1,375.00","1,375.00","67,925.00",40/11-12,29-Mar-12,6363581,26-Mar-12,"68,604.25",,,Loan Basis,,"11,306.00",Bangalore
20112832,STPIB/Import/07032012/0111/43513  Dt. 7-Mar-2012,"Laptop With Accessories Mac 15""",USD,"71,417.00","71,417.00","35,27,999.79",41/11-12,29-Mar-12,6362267,26-Mar-12,"35,63,279.79",,,Loan Basis,,"5,87,228.00",Bangalore